--------------------------------------------------------
--  File created - Thursday-August-09-2018   
--------------------------------------------------------
DROP TABLE "PRMSADMIN"."BOOKINGS" cascade constraints;
DROP TABLE "PRMSADMIN"."FEATURES" cascade constraints;
DROP TABLE "PRMSADMIN"."FEATURE_TYPE" cascade constraints;
DROP TABLE "PRMSADMIN"."GUESTS" cascade constraints;
DROP TABLE "PRMSADMIN"."LOCATIONS" cascade constraints;
DROP TABLE "PRMSADMIN"."RESOURCES" cascade constraints;
DROP TABLE "PRMSADMIN"."RESOURCE_TYPE" cascade constraints;
DROP TABLE "PRMSADMIN"."USERS" cascade constraints;
DROP TABLE "PRMSADMIN"."USER_TYPE" cascade constraints;
DROP TABLE "PRMSADMIN"."VISITORS" cascade constraints;
DROP SEQUENCE "PRMSADMIN"."SEQ_BOOKING";
DROP SEQUENCE "PRMSADMIN"."SEQ_FEATURE_TYPE";
DROP SEQUENCE "PRMSADMIN"."SEQ_LOCATION";
DROP SEQUENCE "PRMSADMIN"."SEQ_RESOURCE";
DROP SEQUENCE "PRMSADMIN"."SEQ_RESOURCE_TYPE";
DROP SEQUENCE "PRMSADMIN"."SEQ_USER";
DROP SEQUENCE "PRMSADMIN"."SEQ_USER_TYPE";
DROP SEQUENCE "PRMSADMIN"."SEQ_VISITORS";
--------------------------------------------------------
--  DDL for Sequence SEQ_BOOKING
--------------------------------------------------------

   CREATE SEQUENCE  "PRMSADMIN"."SEQ_BOOKING"  MINVALUE 1 MAXVALUE 9999999999999999999999999999 INCREMENT BY 1 START WITH 1000100 CACHE 10 NOORDER  NOCYCLE ;
--------------------------------------------------------
--  DDL for Sequence SEQ_FEATURE_TYPE
--------------------------------------------------------

   CREATE SEQUENCE  "PRMSADMIN"."SEQ_FEATURE_TYPE"  MINVALUE 1 MAXVALUE 9999999999999999999999999999 INCREMENT BY 1 START WITH 110 CACHE 10 NOORDER  NOCYCLE ;
--------------------------------------------------------
--  DDL for Sequence SEQ_LOCATION
--------------------------------------------------------

   CREATE SEQUENCE  "PRMSADMIN"."SEQ_LOCATION"  MINVALUE 1 MAXVALUE 9999999999999999999999999999 INCREMENT BY 1 START WITH 100002 CACHE 10 NOORDER  NOCYCLE ;
--------------------------------------------------------
--  DDL for Sequence SEQ_RESOURCE
--------------------------------------------------------

   CREATE SEQUENCE  "PRMSADMIN"."SEQ_RESOURCE"  MINVALUE 1 MAXVALUE 9999999999999999999999999999 INCREMENT BY 1 START WITH 2020 CACHE 10 NOORDER  NOCYCLE ;
--------------------------------------------------------
--  DDL for Sequence SEQ_RESOURCE_TYPE
--------------------------------------------------------

   CREATE SEQUENCE  "PRMSADMIN"."SEQ_RESOURCE_TYPE"  MINVALUE 1 MAXVALUE 9999999999999999999999999999 INCREMENT BY 1 START WITH 1010 CACHE 10 NOORDER  NOCYCLE ;
--------------------------------------------------------
--  DDL for Sequence SEQ_USER
--------------------------------------------------------

   CREATE SEQUENCE  "PRMSADMIN"."SEQ_USER"  MINVALUE 1 MAXVALUE 9999999999999999999999999999 INCREMENT BY 1 START WITH 105 CACHE 10 NOORDER  NOCYCLE ;
--------------------------------------------------------
--  DDL for Sequence SEQ_USER_TYPE
--------------------------------------------------------

   CREATE SEQUENCE  "PRMSADMIN"."SEQ_USER_TYPE"  MINVALUE 1 MAXVALUE 9999999999999999999999999999 INCREMENT BY 1 START WITH 10 CACHE 10 NOORDER  NOCYCLE ;
--------------------------------------------------------
--  DDL for Sequence SEQ_VISITORS
--------------------------------------------------------

   CREATE SEQUENCE  "PRMSADMIN"."SEQ_VISITORS"  MINVALUE 1 MAXVALUE 9999999999999999999999999999 INCREMENT BY 1 START WITH 1120 CACHE 10 NOORDER  NOCYCLE ;
--------------------------------------------------------
--  DDL for Table BOOKINGS
--------------------------------------------------------

  CREATE TABLE "PRMSADMIN"."BOOKINGS" 
   (	"BOOKING_ID" NUMBER, 
	"RESOURCE_ID" NUMBER, 
	"USER_ID" NUMBER, 
	"IS_ACTIVE" NUMBER DEFAULT 1, 
	"BOOKED_START_TIME" TIMESTAMP (6), 
	"BOOKED_END_TIME" TIMESTAMP (6), 
	"DESCRIPTION" VARCHAR2(2000 BYTE) DEFAULT 'No Description'
   ) SEGMENT CREATION IMMEDIATE 
  PCTFREE 10 PCTUSED 40 INITRANS 1 MAXTRANS 255 NOCOMPRESS LOGGING
  STORAGE(INITIAL 65536 NEXT 1048576 MINEXTENTS 1 MAXEXTENTS 2147483645
  PCTINCREASE 0 FREELISTS 1 FREELIST GROUPS 1 BUFFER_POOL DEFAULT FLASH_CACHE DEFAULT CELL_FLASH_CACHE DEFAULT)
  TABLESPACE "PRMSTABLESPACE" ;
--------------------------------------------------------
--  DDL for Table FEATURES
--------------------------------------------------------

  CREATE TABLE "PRMSADMIN"."FEATURES" 
   (	"FEATURE_TYPE_ID" NUMBER, 
	"QUANTITY" NUMBER, 
	"RESOURCE_ID" NUMBER
   ) SEGMENT CREATION IMMEDIATE 
  PCTFREE 10 PCTUSED 40 INITRANS 1 MAXTRANS 255 NOCOMPRESS LOGGING
  STORAGE(INITIAL 65536 NEXT 1048576 MINEXTENTS 1 MAXEXTENTS 2147483645
  PCTINCREASE 0 FREELISTS 1 FREELIST GROUPS 1 BUFFER_POOL DEFAULT FLASH_CACHE DEFAULT CELL_FLASH_CACHE DEFAULT)
  TABLESPACE "PRMSTABLESPACE" ;
--------------------------------------------------------
--  DDL for Table FEATURE_TYPE
--------------------------------------------------------

  CREATE TABLE "PRMSADMIN"."FEATURE_TYPE" 
   (	"FEATURE_TYPE_ID" NUMBER, 
	"FEATURE_TYPE_NAME" VARCHAR2(200 BYTE), 
	"FEATURE_TYPE_DESCRIPTION" VARCHAR2(200 BYTE), 
	"IMG_PATH" VARCHAR2(200 BYTE)
   ) SEGMENT CREATION IMMEDIATE 
  PCTFREE 10 PCTUSED 40 INITRANS 1 MAXTRANS 255 NOCOMPRESS LOGGING
  STORAGE(INITIAL 65536 NEXT 1048576 MINEXTENTS 1 MAXEXTENTS 2147483645
  PCTINCREASE 0 FREELISTS 1 FREELIST GROUPS 1 BUFFER_POOL DEFAULT FLASH_CACHE DEFAULT CELL_FLASH_CACHE DEFAULT)
  TABLESPACE "PRMSTABLESPACE" ;
--------------------------------------------------------
--  DDL for Table GUESTS
--------------------------------------------------------

  CREATE TABLE "PRMSADMIN"."GUESTS" 
   (	"BOOKING_ID" NUMBER, 
	"USER_ID" NUMBER, 
	"VISITOR_ID" NUMBER
   ) SEGMENT CREATION IMMEDIATE 
  PCTFREE 10 PCTUSED 40 INITRANS 1 MAXTRANS 255 NOCOMPRESS LOGGING
  STORAGE(INITIAL 65536 NEXT 1048576 MINEXTENTS 1 MAXEXTENTS 2147483645
  PCTINCREASE 0 FREELISTS 1 FREELIST GROUPS 1 BUFFER_POOL DEFAULT FLASH_CACHE DEFAULT CELL_FLASH_CACHE DEFAULT)
  TABLESPACE "PRMSTABLESPACE" ;
--------------------------------------------------------
--  DDL for Table LOCATIONS
--------------------------------------------------------

  CREATE TABLE "PRMSADMIN"."LOCATIONS" 
   (	"LOCATION_ID" NUMBER, 
	"CITY" VARCHAR2(200 BYTE), 
	"STATE" VARCHAR2(200 BYTE), 
	"ZIP_CODE" VARCHAR2(200 BYTE), 
	"COUNTRY" VARCHAR2(200 BYTE), 
	"PHONE" VARCHAR2(200 BYTE)
   ) SEGMENT CREATION IMMEDIATE 
  PCTFREE 10 PCTUSED 40 INITRANS 1 MAXTRANS 255 NOCOMPRESS LOGGING
  STORAGE(INITIAL 65536 NEXT 1048576 MINEXTENTS 1 MAXEXTENTS 2147483645
  PCTINCREASE 0 FREELISTS 1 FREELIST GROUPS 1 BUFFER_POOL DEFAULT FLASH_CACHE DEFAULT CELL_FLASH_CACHE DEFAULT)
  TABLESPACE "PRMSTABLESPACE" ;
--------------------------------------------------------
--  DDL for Table RESOURCES
--------------------------------------------------------

  CREATE TABLE "PRMSADMIN"."RESOURCES" 
   (	"RESOURCE_ID" NUMBER, 
	"RESOURCE_NAME" VARCHAR2(200 BYTE), 
	"RESOURCE_DESCRIPTION" VARCHAR2(200 BYTE), 
	"RESOURCE_ROOM_NUMBER" VARCHAR2(200 BYTE), 
	"RESOURCE_TYPE_ID" NUMBER, 
	"LOCATION_ID" NUMBER, 
	"IS_AVAILABLE" NUMBER DEFAULT 1, 
	"IS_SUPER_ROOM" NUMBER DEFAULT 0, 
	"CAPACITY" NUMBER DEFAULT 0
   ) SEGMENT CREATION IMMEDIATE 
  PCTFREE 10 PCTUSED 40 INITRANS 1 MAXTRANS 255 NOCOMPRESS LOGGING
  STORAGE(INITIAL 65536 NEXT 1048576 MINEXTENTS 1 MAXEXTENTS 2147483645
  PCTINCREASE 0 FREELISTS 1 FREELIST GROUPS 1 BUFFER_POOL DEFAULT FLASH_CACHE DEFAULT CELL_FLASH_CACHE DEFAULT)
  TABLESPACE "PRMSTABLESPACE" ;
--------------------------------------------------------
--  DDL for Table RESOURCE_TYPE
--------------------------------------------------------

  CREATE TABLE "PRMSADMIN"."RESOURCE_TYPE" 
   (	"RESOURCE_TYPE_ID" NUMBER, 
	"RESOURCE_TYPE_NAME" VARCHAR2(200 BYTE), 
	"RESOURCE_TYPE_DESCRIPTION" VARCHAR2(200 BYTE), 
	"IMG_PATH" VARCHAR2(200 BYTE)
   ) SEGMENT CREATION IMMEDIATE 
  PCTFREE 10 PCTUSED 40 INITRANS 1 MAXTRANS 255 NOCOMPRESS LOGGING
  STORAGE(INITIAL 65536 NEXT 1048576 MINEXTENTS 1 MAXEXTENTS 2147483645
  PCTINCREASE 0 FREELISTS 1 FREELIST GROUPS 1 BUFFER_POOL DEFAULT FLASH_CACHE DEFAULT CELL_FLASH_CACHE DEFAULT)
  TABLESPACE "PRMSTABLESPACE" ;
--------------------------------------------------------
--  DDL for Table USERS
--------------------------------------------------------

  CREATE TABLE "PRMSADMIN"."USERS" 
   (	"USER_ID" NUMBER, 
	"USER_NAME" VARCHAR2(200 BYTE), 
	"USER_EMAIL" VARCHAR2(200 BYTE), 
	"USER_PASSWORD" VARCHAR2(200 BYTE), 
	"USER_TYPE" NUMBER, 
	"USER_PHONE" VARCHAR2(200 BYTE), 
	"LOCATION_ID" NUMBER, 
	"USER_FIRST_NAME" VARCHAR2(200 BYTE) DEFAULT 'N/A', 
	"USER_LAST_NAME" VARCHAR2(200 BYTE) DEFAULT 'N/A'
   ) SEGMENT CREATION IMMEDIATE 
  PCTFREE 10 PCTUSED 40 INITRANS 1 MAXTRANS 255 NOCOMPRESS LOGGING
  STORAGE(INITIAL 65536 NEXT 1048576 MINEXTENTS 1 MAXEXTENTS 2147483645
  PCTINCREASE 0 FREELISTS 1 FREELIST GROUPS 1 BUFFER_POOL DEFAULT FLASH_CACHE DEFAULT CELL_FLASH_CACHE DEFAULT)
  TABLESPACE "PRMSTABLESPACE" ;
--------------------------------------------------------
--  DDL for Table USER_TYPE
--------------------------------------------------------

  CREATE TABLE "PRMSADMIN"."USER_TYPE" 
   (	"USER_TYPE_ID" NUMBER, 
	"USER_TYPE_NAME" VARCHAR2(200 BYTE), 
	"USER_TYPE_DESCRIPTION" VARCHAR2(200 BYTE)
   ) SEGMENT CREATION IMMEDIATE 
  PCTFREE 10 PCTUSED 40 INITRANS 1 MAXTRANS 255 NOCOMPRESS LOGGING
  STORAGE(INITIAL 65536 NEXT 1048576 MINEXTENTS 1 MAXEXTENTS 2147483645
  PCTINCREASE 0 FREELISTS 1 FREELIST GROUPS 1 BUFFER_POOL DEFAULT FLASH_CACHE DEFAULT CELL_FLASH_CACHE DEFAULT)
  TABLESPACE "PRMSTABLESPACE" ;
--------------------------------------------------------
--  DDL for Table VISITORS
--------------------------------------------------------

  CREATE TABLE "PRMSADMIN"."VISITORS" 
   (	"VISITOR_ID" NUMBER, 
	"VISITING_NAME" VARCHAR2(200 BYTE), 
	"EMAIL" VARCHAR2(200 BYTE), 
	"PHONE" VARCHAR2(200 BYTE), 
	"CHECKED_IN_TIME" TIMESTAMP (6), 
	"LOCATION_ID" NUMBER, 
	"BADGE_ID" VARCHAR2(200 BYTE), 
	"CHECKED_OUT_TIME" TIMESTAMP (6), 
	"VISIT_PURPOSE" VARCHAR2(2000 BYTE), 
	"COMPANY_NAME" VARCHAR2(200 BYTE), 
	"HAS_CHECKED_OUT" NUMBER DEFAULT 0, 
	"FIRST_NAME" VARCHAR2(200 BYTE), 
	"LAST_NAME" VARCHAR2(200 BYTE), 
	"SCHEDULED_MEETING_TIME" VARCHAR2(200 BYTE), 
	"HAS_ID_PROOF" NUMBER DEFAULT 0
   ) SEGMENT CREATION IMMEDIATE 
  PCTFREE 10 PCTUSED 40 INITRANS 1 MAXTRANS 255 NOCOMPRESS LOGGING
  STORAGE(INITIAL 65536 NEXT 1048576 MINEXTENTS 1 MAXEXTENTS 2147483645
  PCTINCREASE 0 FREELISTS 1 FREELIST GROUPS 1 BUFFER_POOL DEFAULT FLASH_CACHE DEFAULT CELL_FLASH_CACHE DEFAULT)
  TABLESPACE "PRMSTABLESPACE" ;
REM INSERTING into PRMSADMIN.BOOKINGS
SET DEFINE OFF;
Insert into PRMSADMIN.BOOKINGS (BOOKING_ID,RESOURCE_ID,USER_ID,IS_ACTIVE,BOOKED_START_TIME,BOOKED_END_TIME,DESCRIPTION) values (1000090,2004,101,1,to_timestamp('31-AUG-18 11.00.00.000000000 AM','DD-MON-RR HH.MI.SSXFF AM'),to_timestamp('31-AUG-18 12.00.00.000000000 PM','DD-MON-RR HH.MI.SSXFF AM'),'An event');
Insert into PRMSADMIN.BOOKINGS (BOOKING_ID,RESOURCE_ID,USER_ID,IS_ACTIVE,BOOKED_START_TIME,BOOKED_END_TIME,DESCRIPTION) values (1000091,2004,101,1,to_timestamp('26-AUG-18 10.30.00.000000000 AM','DD-MON-RR HH.MI.SSXFF AM'),to_timestamp('26-AUG-18 01.00.00.000000000 PM','DD-MON-RR HH.MI.SSXFF AM'),'An event');
Insert into PRMSADMIN.BOOKINGS (BOOKING_ID,RESOURCE_ID,USER_ID,IS_ACTIVE,BOOKED_START_TIME,BOOKED_END_TIME,DESCRIPTION) values (1000026,2002,101,1,to_timestamp('01-AUG-18 09.00.00.000000000 AM','DD-MON-RR HH.MI.SSXFF AM'),to_timestamp('01-AUG-18 05.00.00.000000000 PM','DD-MON-RR HH.MI.SSXFF AM'),'An event');
Insert into PRMSADMIN.BOOKINGS (BOOKING_ID,RESOURCE_ID,USER_ID,IS_ACTIVE,BOOKED_START_TIME,BOOKED_END_TIME,DESCRIPTION) values (1000027,2002,101,1,to_timestamp('02-AUG-18 09.00.00.000000000 AM','DD-MON-RR HH.MI.SSXFF AM'),to_timestamp('02-AUG-18 05.00.00.000000000 PM','DD-MON-RR HH.MI.SSXFF AM'),'An event');
Insert into PRMSADMIN.BOOKINGS (BOOKING_ID,RESOURCE_ID,USER_ID,IS_ACTIVE,BOOKED_START_TIME,BOOKED_END_TIME,DESCRIPTION) values (1000040,2004,101,0,to_timestamp('13-JUL-18 09.00.00.000000000 AM','DD-MON-RR HH.MI.SSXFF AM'),to_timestamp('13-JUL-18 05.00.00.000000000 PM','DD-MON-RR HH.MI.SSXFF AM'),'An event');
Insert into PRMSADMIN.BOOKINGS (BOOKING_ID,RESOURCE_ID,USER_ID,IS_ACTIVE,BOOKED_START_TIME,BOOKED_END_TIME,DESCRIPTION) values (1000041,2004,101,1,to_timestamp('16-JUL-18 09.00.00.000000000 AM','DD-MON-RR HH.MI.SSXFF AM'),to_timestamp('16-JUL-18 05.00.00.000000000 PM','DD-MON-RR HH.MI.SSXFF AM'),'An event');
Insert into PRMSADMIN.BOOKINGS (BOOKING_ID,RESOURCE_ID,USER_ID,IS_ACTIVE,BOOKED_START_TIME,BOOKED_END_TIME,DESCRIPTION) values (1000042,2004,101,1,to_timestamp('17-JUL-18 09.00.00.000000000 AM','DD-MON-RR HH.MI.SSXFF AM'),to_timestamp('17-JUL-18 05.00.00.000000000 PM','DD-MON-RR HH.MI.SSXFF AM'),'An event');
Insert into PRMSADMIN.BOOKINGS (BOOKING_ID,RESOURCE_ID,USER_ID,IS_ACTIVE,BOOKED_START_TIME,BOOKED_END_TIME,DESCRIPTION) values (1000043,2004,101,1,to_timestamp('18-JUL-18 09.00.00.000000000 AM','DD-MON-RR HH.MI.SSXFF AM'),to_timestamp('18-JUL-18 05.00.00.000000000 PM','DD-MON-RR HH.MI.SSXFF AM'),'An event');
Insert into PRMSADMIN.BOOKINGS (BOOKING_ID,RESOURCE_ID,USER_ID,IS_ACTIVE,BOOKED_START_TIME,BOOKED_END_TIME,DESCRIPTION) values (1000044,2004,101,1,to_timestamp('19-JUL-18 09.00.00.000000000 AM','DD-MON-RR HH.MI.SSXFF AM'),to_timestamp('19-JUL-18 05.00.00.000000000 PM','DD-MON-RR HH.MI.SSXFF AM'),'An event');
Insert into PRMSADMIN.BOOKINGS (BOOKING_ID,RESOURCE_ID,USER_ID,IS_ACTIVE,BOOKED_START_TIME,BOOKED_END_TIME,DESCRIPTION) values (1000045,2004,101,0,to_timestamp('20-JUL-18 09.00.00.000000000 AM','DD-MON-RR HH.MI.SSXFF AM'),to_timestamp('20-JUL-18 05.00.00.000000000 PM','DD-MON-RR HH.MI.SSXFF AM'),'An event');
Insert into PRMSADMIN.BOOKINGS (BOOKING_ID,RESOURCE_ID,USER_ID,IS_ACTIVE,BOOKED_START_TIME,BOOKED_END_TIME,DESCRIPTION) values (1000046,2004,101,1,to_timestamp('09-JUL-18 09.00.00.000000000 AM','DD-MON-RR HH.MI.SSXFF AM'),to_timestamp('09-JUL-18 05.00.00.000000000 PM','DD-MON-RR HH.MI.SSXFF AM'),'An event');
Insert into PRMSADMIN.BOOKINGS (BOOKING_ID,RESOURCE_ID,USER_ID,IS_ACTIVE,BOOKED_START_TIME,BOOKED_END_TIME,DESCRIPTION) values (1000060,2001,101,1,to_timestamp('07-AUG-18 10.00.00.000000000 AM','DD-MON-RR HH.MI.SSXFF AM'),to_timestamp('07-AUG-18 02.00.00.000000000 PM','DD-MON-RR HH.MI.SSXFF AM'),'An event');
Insert into PRMSADMIN.BOOKINGS (BOOKING_ID,RESOURCE_ID,USER_ID,IS_ACTIVE,BOOKED_START_TIME,BOOKED_END_TIME,DESCRIPTION) values (1000034,2002,101,1,to_timestamp('03-AUG-18 09.00.00.000000000 AM','DD-MON-RR HH.MI.SSXFF AM'),to_timestamp('03-AUG-18 05.00.00.000000000 PM','DD-MON-RR HH.MI.SSXFF AM'),'An event');
Insert into PRMSADMIN.BOOKINGS (BOOKING_ID,RESOURCE_ID,USER_ID,IS_ACTIVE,BOOKED_START_TIME,BOOKED_END_TIME,DESCRIPTION) values (1000036,2004,101,1,to_timestamp('12-JUL-18 09.00.00.000000000 AM','DD-MON-RR HH.MI.SSXFF AM'),to_timestamp('12-JUL-18 05.00.00.000000000 PM','DD-MON-RR HH.MI.SSXFF AM'),'An event');
Insert into PRMSADMIN.BOOKINGS (BOOKING_ID,RESOURCE_ID,USER_ID,IS_ACTIVE,BOOKED_START_TIME,BOOKED_END_TIME,DESCRIPTION) values (1000037,2004,101,1,to_timestamp('11-JUL-18 09.00.00.000000000 AM','DD-MON-RR HH.MI.SSXFF AM'),to_timestamp('11-JUL-18 05.00.00.000000000 PM','DD-MON-RR HH.MI.SSXFF AM'),'An event');
Insert into PRMSADMIN.BOOKINGS (BOOKING_ID,RESOURCE_ID,USER_ID,IS_ACTIVE,BOOKED_START_TIME,BOOKED_END_TIME,DESCRIPTION) values (1000038,2004,101,1,to_timestamp('10-JUL-18 09.00.00.000000000 AM','DD-MON-RR HH.MI.SSXFF AM'),to_timestamp('10-JUL-18 05.00.00.000000000 PM','DD-MON-RR HH.MI.SSXFF AM'),'An event');
Insert into PRMSADMIN.BOOKINGS (BOOKING_ID,RESOURCE_ID,USER_ID,IS_ACTIVE,BOOKED_START_TIME,BOOKED_END_TIME,DESCRIPTION) values (1000092,2004,101,1,to_timestamp('01-SEP-18 10.30.00.000000000 AM','DD-MON-RR HH.MI.SSXFF AM'),to_timestamp('01-SEP-18 01.00.00.000000000 PM','DD-MON-RR HH.MI.SSXFF AM'),'An event');
Insert into PRMSADMIN.BOOKINGS (BOOKING_ID,RESOURCE_ID,USER_ID,IS_ACTIVE,BOOKED_START_TIME,BOOKED_END_TIME,DESCRIPTION) values (1000080,2002,101,1,to_timestamp('16-AUG-18 10.00.00.000000000 AM','DD-MON-RR HH.MI.SSXFF AM'),to_timestamp('16-AUG-18 12.00.00.000000000 PM','DD-MON-RR HH.MI.SSXFF AM'),'An event');
Insert into PRMSADMIN.BOOKINGS (BOOKING_ID,RESOURCE_ID,USER_ID,IS_ACTIVE,BOOKED_START_TIME,BOOKED_END_TIME,DESCRIPTION) values (1000081,2004,101,1,to_timestamp('16-AUG-18 10.00.00.000000000 AM','DD-MON-RR HH.MI.SSXFF AM'),to_timestamp('16-AUG-18 12.00.00.000000000 PM','DD-MON-RR HH.MI.SSXFF AM'),'An event');
Insert into PRMSADMIN.BOOKINGS (BOOKING_ID,RESOURCE_ID,USER_ID,IS_ACTIVE,BOOKED_START_TIME,BOOKED_END_TIME,DESCRIPTION) values (1000082,2006,101,0,to_timestamp('16-AUG-18 10.00.00.000000000 AM','DD-MON-RR HH.MI.SSXFF AM'),to_timestamp('16-AUG-18 12.00.00.000000000 PM','DD-MON-RR HH.MI.SSXFF AM'),'An event');
Insert into PRMSADMIN.BOOKINGS (BOOKING_ID,RESOURCE_ID,USER_ID,IS_ACTIVE,BOOKED_START_TIME,BOOKED_END_TIME,DESCRIPTION) values (1000083,2000,101,1,to_timestamp('20-AUG-18 09.00.00.000000000 AM','DD-MON-RR HH.MI.SSXFF AM'),to_timestamp('20-AUG-18 10.00.00.000000000 AM','DD-MON-RR HH.MI.SSXFF AM'),'An event');
Insert into PRMSADMIN.BOOKINGS (BOOKING_ID,RESOURCE_ID,USER_ID,IS_ACTIVE,BOOKED_START_TIME,BOOKED_END_TIME,DESCRIPTION) values (1000085,2000,101,1,to_timestamp('03-SEP-18 09.00.00.000000000 AM','DD-MON-RR HH.MI.SSXFF AM'),to_timestamp('03-SEP-18 10.00.00.000000000 AM','DD-MON-RR HH.MI.SSXFF AM'),'An event');
Insert into PRMSADMIN.BOOKINGS (BOOKING_ID,RESOURCE_ID,USER_ID,IS_ACTIVE,BOOKED_START_TIME,BOOKED_END_TIME,DESCRIPTION) values (1000086,2004,101,1,to_timestamp('27-AUG-18 11.00.00.000000000 AM','DD-MON-RR HH.MI.SSXFF AM'),to_timestamp('27-AUG-18 12.00.00.000000000 PM','DD-MON-RR HH.MI.SSXFF AM'),'An event');
Insert into PRMSADMIN.BOOKINGS (BOOKING_ID,RESOURCE_ID,USER_ID,IS_ACTIVE,BOOKED_START_TIME,BOOKED_END_TIME,DESCRIPTION) values (1000088,2004,101,1,to_timestamp('29-AUG-18 11.00.00.000000000 AM','DD-MON-RR HH.MI.SSXFF AM'),to_timestamp('29-AUG-18 12.00.00.000000000 PM','DD-MON-RR HH.MI.SSXFF AM'),'An event');
Insert into PRMSADMIN.BOOKINGS (BOOKING_ID,RESOURCE_ID,USER_ID,IS_ACTIVE,BOOKED_START_TIME,BOOKED_END_TIME,DESCRIPTION) values (1000093,2006,101,1,to_timestamp('16-AUG-18 09.00.00.000000000 AM','DD-MON-RR HH.MI.SSXFF AM'),to_timestamp('16-AUG-18 09.30.00.000000000 AM','DD-MON-RR HH.MI.SSXFF AM'),'An event');
Insert into PRMSADMIN.BOOKINGS (BOOKING_ID,RESOURCE_ID,USER_ID,IS_ACTIVE,BOOKED_START_TIME,BOOKED_END_TIME,DESCRIPTION) values (1000070,2006,101,1,to_timestamp('12-AUG-18 09.30.00.000000000 AM','DD-MON-RR HH.MI.SSXFF AM'),to_timestamp('12-AUG-18 11.00.00.000000000 AM','DD-MON-RR HH.MI.SSXFF AM'),'An event');
Insert into PRMSADMIN.BOOKINGS (BOOKING_ID,RESOURCE_ID,USER_ID,IS_ACTIVE,BOOKED_START_TIME,BOOKED_END_TIME,DESCRIPTION) values (1000071,2003,101,1,to_timestamp('13-AUG-18 10.30.00.000000000 AM','DD-MON-RR HH.MI.SSXFF AM'),to_timestamp('13-AUG-18 12.30.00.000000000 PM','DD-MON-RR HH.MI.SSXFF AM'),'An event');
Insert into PRMSADMIN.BOOKINGS (BOOKING_ID,RESOURCE_ID,USER_ID,IS_ACTIVE,BOOKED_START_TIME,BOOKED_END_TIME,DESCRIPTION) values (1000072,2007,101,1,to_timestamp('17-AUG-18 10.30.00.000000000 AM','DD-MON-RR HH.MI.SSXFF AM'),to_timestamp('17-AUG-18 12.30.00.000000000 PM','DD-MON-RR HH.MI.SSXFF AM'),'An event');
Insert into PRMSADMIN.BOOKINGS (BOOKING_ID,RESOURCE_ID,USER_ID,IS_ACTIVE,BOOKED_START_TIME,BOOKED_END_TIME,DESCRIPTION) values (1000073,2001,101,1,to_timestamp('14-AUG-18 09.00.00.000000000 AM','DD-MON-RR HH.MI.SSXFF AM'),to_timestamp('14-AUG-18 12.00.00.000000000 PM','DD-MON-RR HH.MI.SSXFF AM'),'An event');
Insert into PRMSADMIN.BOOKINGS (BOOKING_ID,RESOURCE_ID,USER_ID,IS_ACTIVE,BOOKED_START_TIME,BOOKED_END_TIME,DESCRIPTION) values (1000074,2004,101,1,to_timestamp('15-AUG-18 11.30.00.000000000 AM','DD-MON-RR HH.MI.SSXFF AM'),to_timestamp('15-AUG-18 02.00.00.000000000 PM','DD-MON-RR HH.MI.SSXFF AM'),'An event');
Insert into PRMSADMIN.BOOKINGS (BOOKING_ID,RESOURCE_ID,USER_ID,IS_ACTIVE,BOOKED_START_TIME,BOOKED_END_TIME,DESCRIPTION) values (1000084,2000,101,1,to_timestamp('27-AUG-18 09.00.00.000000000 AM','DD-MON-RR HH.MI.SSXFF AM'),to_timestamp('27-AUG-18 10.00.00.000000000 AM','DD-MON-RR HH.MI.SSXFF AM'),'An event');
Insert into PRMSADMIN.BOOKINGS (BOOKING_ID,RESOURCE_ID,USER_ID,IS_ACTIVE,BOOKED_START_TIME,BOOKED_END_TIME,DESCRIPTION) values (1000087,2004,101,1,to_timestamp('28-AUG-18 11.00.00.000000000 AM','DD-MON-RR HH.MI.SSXFF AM'),to_timestamp('28-AUG-18 12.00.00.000000000 PM','DD-MON-RR HH.MI.SSXFF AM'),'An event');
Insert into PRMSADMIN.BOOKINGS (BOOKING_ID,RESOURCE_ID,USER_ID,IS_ACTIVE,BOOKED_START_TIME,BOOKED_END_TIME,DESCRIPTION) values (1000089,2004,101,1,to_timestamp('30-AUG-18 11.00.00.000000000 AM','DD-MON-RR HH.MI.SSXFF AM'),to_timestamp('30-AUG-18 12.00.00.000000000 PM','DD-MON-RR HH.MI.SSXFF AM'),'An event');
REM INSERTING into PRMSADMIN.FEATURES
SET DEFINE OFF;
Insert into PRMSADMIN.FEATURES (FEATURE_TYPE_ID,QUANTITY,RESOURCE_ID) values (101,1,2000);
Insert into PRMSADMIN.FEATURES (FEATURE_TYPE_ID,QUANTITY,RESOURCE_ID) values (104,1,2000);
Insert into PRMSADMIN.FEATURES (FEATURE_TYPE_ID,QUANTITY,RESOURCE_ID) values (102,1,2000);
Insert into PRMSADMIN.FEATURES (FEATURE_TYPE_ID,QUANTITY,RESOURCE_ID) values (105,1,2000);
Insert into PRMSADMIN.FEATURES (FEATURE_TYPE_ID,QUANTITY,RESOURCE_ID) values (106,1,2000);
Insert into PRMSADMIN.FEATURES (FEATURE_TYPE_ID,QUANTITY,RESOURCE_ID) values (103,10,2000);
Insert into PRMSADMIN.FEATURES (FEATURE_TYPE_ID,QUANTITY,RESOURCE_ID) values (101,1,2001);
Insert into PRMSADMIN.FEATURES (FEATURE_TYPE_ID,QUANTITY,RESOURCE_ID) values (104,2,2001);
Insert into PRMSADMIN.FEATURES (FEATURE_TYPE_ID,QUANTITY,RESOURCE_ID) values (102,2,2001);
Insert into PRMSADMIN.FEATURES (FEATURE_TYPE_ID,QUANTITY,RESOURCE_ID) values (105,1,2001);
Insert into PRMSADMIN.FEATURES (FEATURE_TYPE_ID,QUANTITY,RESOURCE_ID) values (106,1,2001);
Insert into PRMSADMIN.FEATURES (FEATURE_TYPE_ID,QUANTITY,RESOURCE_ID) values (103,15,2001);
Insert into PRMSADMIN.FEATURES (FEATURE_TYPE_ID,QUANTITY,RESOURCE_ID) values (101,1,2002);
Insert into PRMSADMIN.FEATURES (FEATURE_TYPE_ID,QUANTITY,RESOURCE_ID) values (102,1,2002);
Insert into PRMSADMIN.FEATURES (FEATURE_TYPE_ID,QUANTITY,RESOURCE_ID) values (105,1,2002);
Insert into PRMSADMIN.FEATURES (FEATURE_TYPE_ID,QUANTITY,RESOURCE_ID) values (106,1,2002);
Insert into PRMSADMIN.FEATURES (FEATURE_TYPE_ID,QUANTITY,RESOURCE_ID) values (103,20,2002);
Insert into PRMSADMIN.FEATURES (FEATURE_TYPE_ID,QUANTITY,RESOURCE_ID) values (101,2,2003);
Insert into PRMSADMIN.FEATURES (FEATURE_TYPE_ID,QUANTITY,RESOURCE_ID) values (104,1,2003);
Insert into PRMSADMIN.FEATURES (FEATURE_TYPE_ID,QUANTITY,RESOURCE_ID) values (102,2,2003);
Insert into PRMSADMIN.FEATURES (FEATURE_TYPE_ID,QUANTITY,RESOURCE_ID) values (105,2,2003);
Insert into PRMSADMIN.FEATURES (FEATURE_TYPE_ID,QUANTITY,RESOURCE_ID) values (106,2,2003);
Insert into PRMSADMIN.FEATURES (FEATURE_TYPE_ID,QUANTITY,RESOURCE_ID) values (103,40,2003);
Insert into PRMSADMIN.FEATURES (FEATURE_TYPE_ID,QUANTITY,RESOURCE_ID) values (101,1,2004);
Insert into PRMSADMIN.FEATURES (FEATURE_TYPE_ID,QUANTITY,RESOURCE_ID) values (104,1,2004);
Insert into PRMSADMIN.FEATURES (FEATURE_TYPE_ID,QUANTITY,RESOURCE_ID) values (102,10,2004);
Insert into PRMSADMIN.FEATURES (FEATURE_TYPE_ID,QUANTITY,RESOURCE_ID) values (105,1,2004);
Insert into PRMSADMIN.FEATURES (FEATURE_TYPE_ID,QUANTITY,RESOURCE_ID) values (106,1,2004);
Insert into PRMSADMIN.FEATURES (FEATURE_TYPE_ID,QUANTITY,RESOURCE_ID) values (103,10,2004);
Insert into PRMSADMIN.FEATURES (FEATURE_TYPE_ID,QUANTITY,RESOURCE_ID) values (101,1,2005);
Insert into PRMSADMIN.FEATURES (FEATURE_TYPE_ID,QUANTITY,RESOURCE_ID) values (104,1,2005);
Insert into PRMSADMIN.FEATURES (FEATURE_TYPE_ID,QUANTITY,RESOURCE_ID) values (102,1,2005);
Insert into PRMSADMIN.FEATURES (FEATURE_TYPE_ID,QUANTITY,RESOURCE_ID) values (105,1,2005);
Insert into PRMSADMIN.FEATURES (FEATURE_TYPE_ID,QUANTITY,RESOURCE_ID) values (106,1,2005);
Insert into PRMSADMIN.FEATURES (FEATURE_TYPE_ID,QUANTITY,RESOURCE_ID) values (103,10,2005);
Insert into PRMSADMIN.FEATURES (FEATURE_TYPE_ID,QUANTITY,RESOURCE_ID) values (105,2,2006);
Insert into PRMSADMIN.FEATURES (FEATURE_TYPE_ID,QUANTITY,RESOURCE_ID) values (106,1,2006);
Insert into PRMSADMIN.FEATURES (FEATURE_TYPE_ID,QUANTITY,RESOURCE_ID) values (103,20,2006);
Insert into PRMSADMIN.FEATURES (FEATURE_TYPE_ID,QUANTITY,RESOURCE_ID) values (105,1,2007);
Insert into PRMSADMIN.FEATURES (FEATURE_TYPE_ID,QUANTITY,RESOURCE_ID) values (106,1,2007);
Insert into PRMSADMIN.FEATURES (FEATURE_TYPE_ID,QUANTITY,RESOURCE_ID) values (103,5,2007);
Insert into PRMSADMIN.FEATURES (FEATURE_TYPE_ID,QUANTITY,RESOURCE_ID) values (105,1,2008);
Insert into PRMSADMIN.FEATURES (FEATURE_TYPE_ID,QUANTITY,RESOURCE_ID) values (103,10,2008);
Insert into PRMSADMIN.FEATURES (FEATURE_TYPE_ID,QUANTITY,RESOURCE_ID) values (101,2,2010);
Insert into PRMSADMIN.FEATURES (FEATURE_TYPE_ID,QUANTITY,RESOURCE_ID) values (106,2,2010);
Insert into PRMSADMIN.FEATURES (FEATURE_TYPE_ID,QUANTITY,RESOURCE_ID) values (105,1,2010);
Insert into PRMSADMIN.FEATURES (FEATURE_TYPE_ID,QUANTITY,RESOURCE_ID) values (103,100,2010);
REM INSERTING into PRMSADMIN.FEATURE_TYPE
SET DEFINE OFF;
Insert into PRMSADMIN.FEATURE_TYPE (FEATURE_TYPE_ID,FEATURE_TYPE_NAME,FEATURE_TYPE_DESCRIPTION,IMG_PATH) values (101,'Projector','Projector for displaying computer output',null);
Insert into PRMSADMIN.FEATURE_TYPE (FEATURE_TYPE_ID,FEATURE_TYPE_NAME,FEATURE_TYPE_DESCRIPTION,IMG_PATH) values (102,'Desktop Computers','Desktop Computers for group work',null);
Insert into PRMSADMIN.FEATURE_TYPE (FEATURE_TYPE_ID,FEATURE_TYPE_NAME,FEATURE_TYPE_DESCRIPTION,IMG_PATH) values (103,'Chairs','Chairs for people to sit in',null);
Insert into PRMSADMIN.FEATURE_TYPE (FEATURE_TYPE_ID,FEATURE_TYPE_NAME,FEATURE_TYPE_DESCRIPTION,IMG_PATH) values (104,'Printers','Printers for printing documents',null);
Insert into PRMSADMIN.FEATURE_TYPE (FEATURE_TYPE_ID,FEATURE_TYPE_NAME,FEATURE_TYPE_DESCRIPTION,IMG_PATH) values (105,'TV','TV for enterainment or presenting',null);
Insert into PRMSADMIN.FEATURE_TYPE (FEATURE_TYPE_ID,FEATURE_TYPE_NAME,FEATURE_TYPE_DESCRIPTION,IMG_PATH) values (106,'Whiteboard','Whiteboard for writing',null);
REM INSERTING into PRMSADMIN.GUESTS
SET DEFINE OFF;
REM INSERTING into PRMSADMIN.LOCATIONS
SET DEFINE OFF;
Insert into PRMSADMIN.LOCATIONS (LOCATION_ID,CITY,STATE,ZIP_CODE,COUNTRY,PHONE) values (100001,'Phoenix','AZ','85027','USA','623-780-5800');
REM INSERTING into PRMSADMIN.RESOURCES
SET DEFINE OFF;
Insert into PRMSADMIN.RESOURCES (RESOURCE_ID,RESOURCE_NAME,RESOURCE_DESCRIPTION,RESOURCE_ROOM_NUMBER,RESOURCE_TYPE_ID,LOCATION_ID,IS_AVAILABLE,IS_SUPER_ROOM,CAPACITY) values (2000,'SCRUM Room','Scrum Room 1','101',1001,100001,1,0,10);
Insert into PRMSADMIN.RESOURCES (RESOURCE_ID,RESOURCE_NAME,RESOURCE_DESCRIPTION,RESOURCE_ROOM_NUMBER,RESOURCE_TYPE_ID,LOCATION_ID,IS_AVAILABLE,IS_SUPER_ROOM,CAPACITY) values (2001,'SCRUM Room','Scrum Room 2','102',1001,100001,1,0,10);
Insert into PRMSADMIN.RESOURCES (RESOURCE_ID,RESOURCE_NAME,RESOURCE_DESCRIPTION,RESOURCE_ROOM_NUMBER,RESOURCE_TYPE_ID,LOCATION_ID,IS_AVAILABLE,IS_SUPER_ROOM,CAPACITY) values (2002,'Conference Room','Conference Room 1','200',1002,100001,1,0,20);
Insert into PRMSADMIN.RESOURCES (RESOURCE_ID,RESOURCE_NAME,RESOURCE_DESCRIPTION,RESOURCE_ROOM_NUMBER,RESOURCE_TYPE_ID,LOCATION_ID,IS_AVAILABLE,IS_SUPER_ROOM,CAPACITY) values (2003,'Conference Room','Conference Room 2','201',1002,100001,1,1,40);
Insert into PRMSADMIN.RESOURCES (RESOURCE_ID,RESOURCE_NAME,RESOURCE_DESCRIPTION,RESOURCE_ROOM_NUMBER,RESOURCE_TYPE_ID,LOCATION_ID,IS_AVAILABLE,IS_SUPER_ROOM,CAPACITY) values (2004,'Training Room','Training Room 1','203',1003,100001,1,0,10);
Insert into PRMSADMIN.RESOURCES (RESOURCE_ID,RESOURCE_NAME,RESOURCE_DESCRIPTION,RESOURCE_ROOM_NUMBER,RESOURCE_TYPE_ID,LOCATION_ID,IS_AVAILABLE,IS_SUPER_ROOM,CAPACITY) values (2005,'Board Room','Board Room 1','105',1004,100001,0,1,10);
Insert into PRMSADMIN.RESOURCES (RESOURCE_ID,RESOURCE_NAME,RESOURCE_DESCRIPTION,RESOURCE_ROOM_NUMBER,RESOURCE_TYPE_ID,LOCATION_ID,IS_AVAILABLE,IS_SUPER_ROOM,CAPACITY) values (2006,'Break Room','Break Room 1','003',1005,100001,1,0,20);
Insert into PRMSADMIN.RESOURCES (RESOURCE_ID,RESOURCE_NAME,RESOURCE_DESCRIPTION,RESOURCE_ROOM_NUMBER,RESOURCE_TYPE_ID,LOCATION_ID,IS_AVAILABLE,IS_SUPER_ROOM,CAPACITY) values (2007,'Recreation Room','Recreation Room 1','010',1006,100001,1,0,5);
Insert into PRMSADMIN.RESOURCES (RESOURCE_ID,RESOURCE_NAME,RESOURCE_DESCRIPTION,RESOURCE_ROOM_NUMBER,RESOURCE_TYPE_ID,LOCATION_ID,IS_AVAILABLE,IS_SUPER_ROOM,CAPACITY) values (2008,'Recreation Room','Recreation Room 2','305',1006,100001,-1,0,10);
Insert into PRMSADMIN.RESOURCES (RESOURCE_ID,RESOURCE_NAME,RESOURCE_DESCRIPTION,RESOURCE_ROOM_NUMBER,RESOURCE_TYPE_ID,LOCATION_ID,IS_AVAILABLE,IS_SUPER_ROOM,CAPACITY) values (2010,'Conference Room','Manager Conference Room','350',1002,100001,-1,1,100);
REM INSERTING into PRMSADMIN.RESOURCE_TYPE
SET DEFINE OFF;
Insert into PRMSADMIN.RESOURCE_TYPE (RESOURCE_TYPE_ID,RESOURCE_TYPE_NAME,RESOURCE_TYPE_DESCRIPTION,IMG_PATH) values (1001,'SCRUM Room','SCRUM Room Resource',null);
Insert into PRMSADMIN.RESOURCE_TYPE (RESOURCE_TYPE_ID,RESOURCE_TYPE_NAME,RESOURCE_TYPE_DESCRIPTION,IMG_PATH) values (1002,'Conference Room','Conference Room Resource',null);
Insert into PRMSADMIN.RESOURCE_TYPE (RESOURCE_TYPE_ID,RESOURCE_TYPE_NAME,RESOURCE_TYPE_DESCRIPTION,IMG_PATH) values (1003,'Training Room','Training Room Resource',null);
Insert into PRMSADMIN.RESOURCE_TYPE (RESOURCE_TYPE_ID,RESOURCE_TYPE_NAME,RESOURCE_TYPE_DESCRIPTION,IMG_PATH) values (1004,'Board Room','Board Room Resource',null);
Insert into PRMSADMIN.RESOURCE_TYPE (RESOURCE_TYPE_ID,RESOURCE_TYPE_NAME,RESOURCE_TYPE_DESCRIPTION,IMG_PATH) values (1005,'Break Room','Break Room Resource',null);
Insert into PRMSADMIN.RESOURCE_TYPE (RESOURCE_TYPE_ID,RESOURCE_TYPE_NAME,RESOURCE_TYPE_DESCRIPTION,IMG_PATH) values (1006,'Recreation Room','Recreation Room Resource',null);
REM INSERTING into PRMSADMIN.USERS
SET DEFINE OFF;
Insert into PRMSADMIN.USERS (USER_ID,USER_NAME,USER_EMAIL,USER_PASSWORD,USER_TYPE,USER_PHONE,LOCATION_ID,USER_FIRST_NAME,USER_LAST_NAME) values (101,'David@syntel_inc.com','David@syntel_inc.com','pass',1,'123-123-1234',100001,'N/A','N/A');
Insert into PRMSADMIN.USERS (USER_ID,USER_NAME,USER_EMAIL,USER_PASSWORD,USER_TYPE,USER_PHONE,LOCATION_ID,USER_FIRST_NAME,USER_LAST_NAME) values (102,'Ricky@syntelinc.com','Ricky@syntelinc.com','pass',2,'123-123-1234',100001,'N/A','N/A');
Insert into PRMSADMIN.USERS (USER_ID,USER_NAME,USER_EMAIL,USER_PASSWORD,USER_TYPE,USER_PHONE,LOCATION_ID,USER_FIRST_NAME,USER_LAST_NAME) values (103,'ma1','ma1@mail.com','pass',3,'123-123-1234',100001,'N/A','N/A');
REM INSERTING into PRMSADMIN.USER_TYPE
SET DEFINE OFF;
Insert into PRMSADMIN.USER_TYPE (USER_TYPE_ID,USER_TYPE_NAME,USER_TYPE_DESCRIPTION) values (1,'Super User','Super User User Type');
Insert into PRMSADMIN.USER_TYPE (USER_TYPE_ID,USER_TYPE_NAME,USER_TYPE_DESCRIPTION) values (2,'Basic User','Basic User User Type');
Insert into PRMSADMIN.USER_TYPE (USER_TYPE_ID,USER_TYPE_NAME,USER_TYPE_DESCRIPTION) values (3,'Manager User','Manager User User Type');
REM INSERTING into PRMSADMIN.VISITORS
SET DEFINE OFF;
Insert into PRMSADMIN.VISITORS (VISITOR_ID,VISITING_NAME,EMAIL,PHONE,CHECKED_IN_TIME,LOCATION_ID,BADGE_ID,CHECKED_OUT_TIME,VISIT_PURPOSE,COMPANY_NAME,HAS_CHECKED_OUT,FIRST_NAME,LAST_NAME,SCHEDULED_MEETING_TIME,HAS_ID_PROOF) values (1111,'Mahesh','ricky@syntelinc.com','4782307455',to_timestamp('09-AUG-18 11.52.26.601000000 AM','DD-MON-RR HH.MI.SSXFF AM'),100001,null,to_timestamp('09-AUG-18 11.53.57.572000000 AM','DD-MON-RR HH.MI.SSXFF AM'),'Meeting','Syntel',1,'Ricky','Barnwell',null,0);
Insert into PRMSADMIN.VISITORS (VISITOR_ID,VISITING_NAME,EMAIL,PHONE,CHECKED_IN_TIME,LOCATION_ID,BADGE_ID,CHECKED_OUT_TIME,VISIT_PURPOSE,COMPANY_NAME,HAS_CHECKED_OUT,FIRST_NAME,LAST_NAME,SCHEDULED_MEETING_TIME,HAS_ID_PROOF) values (1112,'Mahesh',null,'4782307456',to_timestamp('09-AUG-18 11.53.17.114000000 AM','DD-MON-RR HH.MI.SSXFF AM'),100001,null,to_timestamp('09-AUG-18 11.54.36.094000000 AM','DD-MON-RR HH.MI.SSXFF AM'),'Training','Self',1,'John','Doe',null,0);
Insert into PRMSADMIN.VISITORS (VISITOR_ID,VISITING_NAME,EMAIL,PHONE,CHECKED_IN_TIME,LOCATION_ID,BADGE_ID,CHECKED_OUT_TIME,VISIT_PURPOSE,COMPANY_NAME,HAS_CHECKED_OUT,FIRST_NAME,LAST_NAME,SCHEDULED_MEETING_TIME,HAS_ID_PROOF) values (1110,'Mahesh','David@syntelinc.com','1231231234',to_timestamp('09-AUG-18 10.30.31.257000000 AM','DD-MON-RR HH.MI.SSXFF AM'),100001,null,to_timestamp('09-AUG-18 10.30.46.682000000 AM','DD-MON-RR HH.MI.SSXFF AM'),'Visiting','Syntel',1,'David','Santana',null,0);
--------------------------------------------------------
--  DDL for Index USERS_PK
--------------------------------------------------------

  CREATE UNIQUE INDEX "PRMSADMIN"."USERS_PK" ON "PRMSADMIN"."USERS" ("USER_ID") 
  PCTFREE 10 INITRANS 2 MAXTRANS 255 COMPUTE STATISTICS 
  STORAGE(INITIAL 65536 NEXT 1048576 MINEXTENTS 1 MAXEXTENTS 2147483645
  PCTINCREASE 0 FREELISTS 1 FREELIST GROUPS 1 BUFFER_POOL DEFAULT FLASH_CACHE DEFAULT CELL_FLASH_CACHE DEFAULT)
  TABLESPACE "PRMSTABLESPACE" ;
--------------------------------------------------------
--  DDL for Index USER_TYPE_PK
--------------------------------------------------------

  CREATE UNIQUE INDEX "PRMSADMIN"."USER_TYPE_PK" ON "PRMSADMIN"."USER_TYPE" ("USER_TYPE_ID") 
  PCTFREE 10 INITRANS 2 MAXTRANS 255 COMPUTE STATISTICS 
  STORAGE(INITIAL 65536 NEXT 1048576 MINEXTENTS 1 MAXEXTENTS 2147483645
  PCTINCREASE 0 FREELISTS 1 FREELIST GROUPS 1 BUFFER_POOL DEFAULT FLASH_CACHE DEFAULT CELL_FLASH_CACHE DEFAULT)
  TABLESPACE "PRMSTABLESPACE" ;
--------------------------------------------------------
--  DDL for Index FEATURE_TYPE_PK
--------------------------------------------------------

  CREATE UNIQUE INDEX "PRMSADMIN"."FEATURE_TYPE_PK" ON "PRMSADMIN"."FEATURE_TYPE" ("FEATURE_TYPE_ID") 
  PCTFREE 10 INITRANS 2 MAXTRANS 255 COMPUTE STATISTICS 
  STORAGE(INITIAL 65536 NEXT 1048576 MINEXTENTS 1 MAXEXTENTS 2147483645
  PCTINCREASE 0 FREELISTS 1 FREELIST GROUPS 1 BUFFER_POOL DEFAULT FLASH_CACHE DEFAULT CELL_FLASH_CACHE DEFAULT)
  TABLESPACE "PRMSTABLESPACE" ;
--------------------------------------------------------
--  DDL for Index RESOURCE_TYPE_PK
--------------------------------------------------------

  CREATE UNIQUE INDEX "PRMSADMIN"."RESOURCE_TYPE_PK" ON "PRMSADMIN"."RESOURCE_TYPE" ("RESOURCE_TYPE_ID") 
  PCTFREE 10 INITRANS 2 MAXTRANS 255 COMPUTE STATISTICS 
  STORAGE(INITIAL 65536 NEXT 1048576 MINEXTENTS 1 MAXEXTENTS 2147483645
  PCTINCREASE 0 FREELISTS 1 FREELIST GROUPS 1 BUFFER_POOL DEFAULT FLASH_CACHE DEFAULT CELL_FLASH_CACHE DEFAULT)
  TABLESPACE "PRMSTABLESPACE" ;
--------------------------------------------------------
--  DDL for Index BOOKINGS_PK
--------------------------------------------------------

  CREATE UNIQUE INDEX "PRMSADMIN"."BOOKINGS_PK" ON "PRMSADMIN"."BOOKINGS" ("BOOKING_ID") 
  PCTFREE 10 INITRANS 2 MAXTRANS 255 COMPUTE STATISTICS 
  STORAGE(INITIAL 65536 NEXT 1048576 MINEXTENTS 1 MAXEXTENTS 2147483645
  PCTINCREASE 0 FREELISTS 1 FREELIST GROUPS 1 BUFFER_POOL DEFAULT FLASH_CACHE DEFAULT CELL_FLASH_CACHE DEFAULT)
  TABLESPACE "PRMSTABLESPACE" ;
--------------------------------------------------------
--  DDL for Index RESOURCES_PK
--------------------------------------------------------

  CREATE UNIQUE INDEX "PRMSADMIN"."RESOURCES_PK" ON "PRMSADMIN"."RESOURCES" ("RESOURCE_ID") 
  PCTFREE 10 INITRANS 2 MAXTRANS 255 COMPUTE STATISTICS 
  STORAGE(INITIAL 65536 NEXT 1048576 MINEXTENTS 1 MAXEXTENTS 2147483645
  PCTINCREASE 0 FREELISTS 1 FREELIST GROUPS 1 BUFFER_POOL DEFAULT FLASH_CACHE DEFAULT CELL_FLASH_CACHE DEFAULT)
  TABLESPACE "PRMSTABLESPACE" ;
--------------------------------------------------------
--  DDL for Index VISITORS_PK
--------------------------------------------------------

  CREATE UNIQUE INDEX "PRMSADMIN"."VISITORS_PK" ON "PRMSADMIN"."VISITORS" ("VISITOR_ID") 
  PCTFREE 10 INITRANS 2 MAXTRANS 255 COMPUTE STATISTICS 
  STORAGE(INITIAL 65536 NEXT 1048576 MINEXTENTS 1 MAXEXTENTS 2147483645
  PCTINCREASE 0 FREELISTS 1 FREELIST GROUPS 1 BUFFER_POOL DEFAULT FLASH_CACHE DEFAULT CELL_FLASH_CACHE DEFAULT)
  TABLESPACE "PRMSTABLESPACE" ;
--------------------------------------------------------
--  DDL for Index LOCATIONS_PK
--------------------------------------------------------

  CREATE UNIQUE INDEX "PRMSADMIN"."LOCATIONS_PK" ON "PRMSADMIN"."LOCATIONS" ("LOCATION_ID") 
  PCTFREE 10 INITRANS 2 MAXTRANS 255 COMPUTE STATISTICS 
  STORAGE(INITIAL 65536 NEXT 1048576 MINEXTENTS 1 MAXEXTENTS 2147483645
  PCTINCREASE 0 FREELISTS 1 FREELIST GROUPS 1 BUFFER_POOL DEFAULT FLASH_CACHE DEFAULT CELL_FLASH_CACHE DEFAULT)
  TABLESPACE "PRMSTABLESPACE" ;
--------------------------------------------------------
--  Constraints for Table USERS
--------------------------------------------------------

  ALTER TABLE "PRMSADMIN"."USERS" MODIFY ("USER_LAST_NAME" NOT NULL ENABLE);
  ALTER TABLE "PRMSADMIN"."USERS" MODIFY ("USER_FIRST_NAME" NOT NULL ENABLE);
  ALTER TABLE "PRMSADMIN"."USERS" MODIFY ("LOCATION_ID" NOT NULL ENABLE);
  ALTER TABLE "PRMSADMIN"."USERS" MODIFY ("USER_ID" NOT NULL ENABLE);
  ALTER TABLE "PRMSADMIN"."USERS" MODIFY ("USER_NAME" NOT NULL ENABLE);
  ALTER TABLE "PRMSADMIN"."USERS" MODIFY ("USER_EMAIL" NOT NULL ENABLE);
  ALTER TABLE "PRMSADMIN"."USERS" MODIFY ("USER_PASSWORD" NOT NULL ENABLE);
  ALTER TABLE "PRMSADMIN"."USERS" MODIFY ("USER_TYPE" NOT NULL ENABLE);
  ALTER TABLE "PRMSADMIN"."USERS" ADD CONSTRAINT "USERS_PK" PRIMARY KEY ("USER_ID")
  USING INDEX PCTFREE 10 INITRANS 2 MAXTRANS 255 COMPUTE STATISTICS 
  STORAGE(INITIAL 65536 NEXT 1048576 MINEXTENTS 1 MAXEXTENTS 2147483645
  PCTINCREASE 0 FREELISTS 1 FREELIST GROUPS 1 BUFFER_POOL DEFAULT FLASH_CACHE DEFAULT CELL_FLASH_CACHE DEFAULT)
  TABLESPACE "PRMSTABLESPACE"  ENABLE;
  ALTER TABLE "PRMSADMIN"."USERS" MODIFY ("USER_PHONE" NOT NULL ENABLE);
--------------------------------------------------------
--  Constraints for Table USER_TYPE
--------------------------------------------------------

  ALTER TABLE "PRMSADMIN"."USER_TYPE" MODIFY ("USER_TYPE_ID" NOT NULL ENABLE);
  ALTER TABLE "PRMSADMIN"."USER_TYPE" MODIFY ("USER_TYPE_NAME" NOT NULL ENABLE);
  ALTER TABLE "PRMSADMIN"."USER_TYPE" MODIFY ("USER_TYPE_DESCRIPTION" NOT NULL ENABLE);
  ALTER TABLE "PRMSADMIN"."USER_TYPE" ADD CONSTRAINT "USER_TYPE_PK" PRIMARY KEY ("USER_TYPE_ID")
  USING INDEX PCTFREE 10 INITRANS 2 MAXTRANS 255 COMPUTE STATISTICS 
  STORAGE(INITIAL 65536 NEXT 1048576 MINEXTENTS 1 MAXEXTENTS 2147483645
  PCTINCREASE 0 FREELISTS 1 FREELIST GROUPS 1 BUFFER_POOL DEFAULT FLASH_CACHE DEFAULT CELL_FLASH_CACHE DEFAULT)
  TABLESPACE "PRMSTABLESPACE"  ENABLE;
--------------------------------------------------------
--  Constraints for Table GUESTS
--------------------------------------------------------

  ALTER TABLE "PRMSADMIN"."GUESTS" MODIFY ("BOOKING_ID" NOT NULL ENABLE);
--------------------------------------------------------
--  Constraints for Table LOCATIONS
--------------------------------------------------------

  ALTER TABLE "PRMSADMIN"."LOCATIONS" MODIFY ("PHONE" NOT NULL ENABLE);
  ALTER TABLE "PRMSADMIN"."LOCATIONS" ADD CONSTRAINT "LOCATIONS_PK" PRIMARY KEY ("LOCATION_ID")
  USING INDEX PCTFREE 10 INITRANS 2 MAXTRANS 255 COMPUTE STATISTICS 
  STORAGE(INITIAL 65536 NEXT 1048576 MINEXTENTS 1 MAXEXTENTS 2147483645
  PCTINCREASE 0 FREELISTS 1 FREELIST GROUPS 1 BUFFER_POOL DEFAULT FLASH_CACHE DEFAULT CELL_FLASH_CACHE DEFAULT)
  TABLESPACE "PRMSTABLESPACE"  ENABLE;
  ALTER TABLE "PRMSADMIN"."LOCATIONS" MODIFY ("COUNTRY" NOT NULL ENABLE);
  ALTER TABLE "PRMSADMIN"."LOCATIONS" MODIFY ("ZIP_CODE" NOT NULL ENABLE);
  ALTER TABLE "PRMSADMIN"."LOCATIONS" MODIFY ("STATE" NOT NULL ENABLE);
  ALTER TABLE "PRMSADMIN"."LOCATIONS" MODIFY ("CITY" NOT NULL ENABLE);
  ALTER TABLE "PRMSADMIN"."LOCATIONS" MODIFY ("LOCATION_ID" NOT NULL ENABLE);
--------------------------------------------------------
--  Constraints for Table FEATURES
--------------------------------------------------------

  ALTER TABLE "PRMSADMIN"."FEATURES" MODIFY ("FEATURE_TYPE_ID" NOT NULL ENABLE);
  ALTER TABLE "PRMSADMIN"."FEATURES" MODIFY ("QUANTITY" NOT NULL ENABLE);
  ALTER TABLE "PRMSADMIN"."FEATURES" MODIFY ("RESOURCE_ID" NOT NULL ENABLE);
--------------------------------------------------------
--  Constraints for Table RESOURCES
--------------------------------------------------------

  ALTER TABLE "PRMSADMIN"."RESOURCES" MODIFY ("CAPACITY" NOT NULL ENABLE);
  ALTER TABLE "PRMSADMIN"."RESOURCES" MODIFY ("IS_SUPER_ROOM" NOT NULL ENABLE);
  ALTER TABLE "PRMSADMIN"."RESOURCES" MODIFY ("RESOURCE_ID" NOT NULL ENABLE);
  ALTER TABLE "PRMSADMIN"."RESOURCES" MODIFY ("RESOURCE_NAME" NOT NULL ENABLE);
  ALTER TABLE "PRMSADMIN"."RESOURCES" MODIFY ("RESOURCE_ROOM_NUMBER" NOT NULL ENABLE);
  ALTER TABLE "PRMSADMIN"."RESOURCES" MODIFY ("RESOURCE_TYPE_ID" NOT NULL ENABLE);
  ALTER TABLE "PRMSADMIN"."RESOURCES" MODIFY ("LOCATION_ID" NOT NULL ENABLE);
  ALTER TABLE "PRMSADMIN"."RESOURCES" ADD CONSTRAINT "RESOURCES_PK" PRIMARY KEY ("RESOURCE_ID")
  USING INDEX PCTFREE 10 INITRANS 2 MAXTRANS 255 COMPUTE STATISTICS 
  STORAGE(INITIAL 65536 NEXT 1048576 MINEXTENTS 1 MAXEXTENTS 2147483645
  PCTINCREASE 0 FREELISTS 1 FREELIST GROUPS 1 BUFFER_POOL DEFAULT FLASH_CACHE DEFAULT CELL_FLASH_CACHE DEFAULT)
  TABLESPACE "PRMSTABLESPACE"  ENABLE;
  ALTER TABLE "PRMSADMIN"."RESOURCES" MODIFY ("RESOURCE_DESCRIPTION" NOT NULL ENABLE);
  ALTER TABLE "PRMSADMIN"."RESOURCES" MODIFY ("IS_AVAILABLE" NOT NULL ENABLE);
--------------------------------------------------------
--  Constraints for Table VISITORS
--------------------------------------------------------

  ALTER TABLE "PRMSADMIN"."VISITORS" MODIFY ("VISITOR_ID" NOT NULL ENABLE);
  ALTER TABLE "PRMSADMIN"."VISITORS" MODIFY ("FIRST_NAME" NOT NULL ENABLE);
  ALTER TABLE "PRMSADMIN"."VISITORS" MODIFY ("LOCATION_ID" NOT NULL ENABLE);
  ALTER TABLE "PRMSADMIN"."VISITORS" ADD CONSTRAINT "VISITORS_PK" PRIMARY KEY ("VISITOR_ID")
  USING INDEX PCTFREE 10 INITRANS 2 MAXTRANS 255 COMPUTE STATISTICS 
  STORAGE(INITIAL 65536 NEXT 1048576 MINEXTENTS 1 MAXEXTENTS 2147483645
  PCTINCREASE 0 FREELISTS 1 FREELIST GROUPS 1 BUFFER_POOL DEFAULT FLASH_CACHE DEFAULT CELL_FLASH_CACHE DEFAULT)
  TABLESPACE "PRMSTABLESPACE"  ENABLE;
  ALTER TABLE "PRMSADMIN"."VISITORS" MODIFY ("LAST_NAME" NOT NULL ENABLE);
--------------------------------------------------------
--  Constraints for Table BOOKINGS
--------------------------------------------------------

  ALTER TABLE "PRMSADMIN"."BOOKINGS" MODIFY ("DESCRIPTION" NOT NULL ENABLE);
  ALTER TABLE "PRMSADMIN"."BOOKINGS" MODIFY ("BOOKING_ID" NOT NULL ENABLE);
  ALTER TABLE "PRMSADMIN"."BOOKINGS" MODIFY ("RESOURCE_ID" NOT NULL ENABLE);
  ALTER TABLE "PRMSADMIN"."BOOKINGS" MODIFY ("USER_ID" NOT NULL ENABLE);
  ALTER TABLE "PRMSADMIN"."BOOKINGS" ADD CONSTRAINT "BOOKINGS_PK" PRIMARY KEY ("BOOKING_ID")
  USING INDEX PCTFREE 10 INITRANS 2 MAXTRANS 255 COMPUTE STATISTICS 
  STORAGE(INITIAL 65536 NEXT 1048576 MINEXTENTS 1 MAXEXTENTS 2147483645
  PCTINCREASE 0 FREELISTS 1 FREELIST GROUPS 1 BUFFER_POOL DEFAULT FLASH_CACHE DEFAULT CELL_FLASH_CACHE DEFAULT)
  TABLESPACE "PRMSTABLESPACE"  ENABLE;
  ALTER TABLE "PRMSADMIN"."BOOKINGS" MODIFY ("IS_ACTIVE" NOT NULL ENABLE);
  ALTER TABLE "PRMSADMIN"."BOOKINGS" MODIFY ("BOOKED_START_TIME" NOT NULL ENABLE);
  ALTER TABLE "PRMSADMIN"."BOOKINGS" MODIFY ("BOOKED_END_TIME" NOT NULL ENABLE);
--------------------------------------------------------
--  Constraints for Table RESOURCE_TYPE
--------------------------------------------------------

  ALTER TABLE "PRMSADMIN"."RESOURCE_TYPE" MODIFY ("RESOURCE_TYPE_ID" NOT NULL ENABLE);
  ALTER TABLE "PRMSADMIN"."RESOURCE_TYPE" MODIFY ("RESOURCE_TYPE_NAME" NOT NULL ENABLE);
  ALTER TABLE "PRMSADMIN"."RESOURCE_TYPE" ADD CONSTRAINT "RESOURCE_TYPE_PK" PRIMARY KEY ("RESOURCE_TYPE_ID")
  USING INDEX PCTFREE 10 INITRANS 2 MAXTRANS 255 COMPUTE STATISTICS 
  STORAGE(INITIAL 65536 NEXT 1048576 MINEXTENTS 1 MAXEXTENTS 2147483645
  PCTINCREASE 0 FREELISTS 1 FREELIST GROUPS 1 BUFFER_POOL DEFAULT FLASH_CACHE DEFAULT CELL_FLASH_CACHE DEFAULT)
  TABLESPACE "PRMSTABLESPACE"  ENABLE;
  ALTER TABLE "PRMSADMIN"."RESOURCE_TYPE" MODIFY ("RESOURCE_TYPE_DESCRIPTION" NOT NULL ENABLE);
--------------------------------------------------------
--  Constraints for Table FEATURE_TYPE
--------------------------------------------------------

  ALTER TABLE "PRMSADMIN"."FEATURE_TYPE" MODIFY ("FEATURE_TYPE_ID" NOT NULL ENABLE);
  ALTER TABLE "PRMSADMIN"."FEATURE_TYPE" MODIFY ("FEATURE_TYPE_NAME" NOT NULL ENABLE);
  ALTER TABLE "PRMSADMIN"."FEATURE_TYPE" MODIFY ("FEATURE_TYPE_DESCRIPTION" NOT NULL ENABLE);
  ALTER TABLE "PRMSADMIN"."FEATURE_TYPE" ADD CONSTRAINT "FEATURE_TYPE_PK" PRIMARY KEY ("FEATURE_TYPE_ID")
  USING INDEX PCTFREE 10 INITRANS 2 MAXTRANS 255 COMPUTE STATISTICS 
  STORAGE(INITIAL 65536 NEXT 1048576 MINEXTENTS 1 MAXEXTENTS 2147483645
  PCTINCREASE 0 FREELISTS 1 FREELIST GROUPS 1 BUFFER_POOL DEFAULT FLASH_CACHE DEFAULT CELL_FLASH_CACHE DEFAULT)
  TABLESPACE "PRMSTABLESPACE"  ENABLE;
--------------------------------------------------------
--  Ref Constraints for Table BOOKINGS
--------------------------------------------------------

  ALTER TABLE "PRMSADMIN"."BOOKINGS" ADD CONSTRAINT "RESOURCE_ID" FOREIGN KEY ("RESOURCE_ID")
	  REFERENCES "PRMSADMIN"."RESOURCES" ("RESOURCE_ID") ENABLE;
  ALTER TABLE "PRMSADMIN"."BOOKINGS" ADD CONSTRAINT "USER_ID" FOREIGN KEY ("USER_ID")
	  REFERENCES "PRMSADMIN"."USERS" ("USER_ID") ENABLE;
--------------------------------------------------------
--  Ref Constraints for Table FEATURES
--------------------------------------------------------

  ALTER TABLE "PRMSADMIN"."FEATURES" ADD CONSTRAINT "FEATURE_TYPE_ID" FOREIGN KEY ("FEATURE_TYPE_ID")
	  REFERENCES "PRMSADMIN"."FEATURE_TYPE" ("FEATURE_TYPE_ID") ENABLE;
  ALTER TABLE "PRMSADMIN"."FEATURES" ADD CONSTRAINT "RESOURCE_ID1" FOREIGN KEY ("RESOURCE_ID")
	  REFERENCES "PRMSADMIN"."RESOURCES" ("RESOURCE_ID") ENABLE;
--------------------------------------------------------
--  Ref Constraints for Table GUESTS
--------------------------------------------------------

  ALTER TABLE "PRMSADMIN"."GUESTS" ADD CONSTRAINT "GBOOKING_ID" FOREIGN KEY ("BOOKING_ID")
	  REFERENCES "PRMSADMIN"."BOOKINGS" ("BOOKING_ID") ENABLE;
  ALTER TABLE "PRMSADMIN"."GUESTS" ADD CONSTRAINT "GUSER_ID" FOREIGN KEY ("USER_ID")
	  REFERENCES "PRMSADMIN"."USERS" ("USER_ID") ENABLE;
  ALTER TABLE "PRMSADMIN"."GUESTS" ADD CONSTRAINT "GVISITOR_ID" FOREIGN KEY ("VISITOR_ID")
	  REFERENCES "PRMSADMIN"."VISITORS" ("VISITOR_ID") ENABLE;
--------------------------------------------------------
--  Ref Constraints for Table RESOURCES
--------------------------------------------------------

  ALTER TABLE "PRMSADMIN"."RESOURCES" ADD CONSTRAINT "LOCATION_ID" FOREIGN KEY ("LOCATION_ID")
	  REFERENCES "PRMSADMIN"."LOCATIONS" ("LOCATION_ID") ENABLE;
  ALTER TABLE "PRMSADMIN"."RESOURCES" ADD CONSTRAINT "RESOURCE_TYPE_ID" FOREIGN KEY ("RESOURCE_TYPE_ID")
	  REFERENCES "PRMSADMIN"."RESOURCE_TYPE" ("RESOURCE_TYPE_ID") ENABLE;
--------------------------------------------------------
--  Ref Constraints for Table USERS
--------------------------------------------------------

  ALTER TABLE "PRMSADMIN"."USERS" ADD CONSTRAINT "ULOCATION_ID" FOREIGN KEY ("LOCATION_ID")
	  REFERENCES "PRMSADMIN"."LOCATIONS" ("LOCATION_ID") ENABLE;
  ALTER TABLE "PRMSADMIN"."USERS" ADD CONSTRAINT "USER_TYPE_ID" FOREIGN KEY ("USER_TYPE")
	  REFERENCES "PRMSADMIN"."USER_TYPE" ("USER_TYPE_ID") ENABLE;
